{"cameraMode":{"drawMode":0,"name":"Shaded","section":"Shading Mode"},"sceneLighting":true,"audioPlay":false,"sceneViewState":{"showFog":false,"showMaterialUpdate":false,"showSkybox":false,"showFlares":false,"showImageEffects":false,"showParticleSystems":false},"in2DMode":false,"pivot":{"x":44.49101257324219,"y":26.493478775024415,"z":-8.300066947937012},"rotation":{"x":0.18898266553878785,"y":-0.5843791961669922,"z":0.14227041602134705,"w":0.7762531638145447},"size":21.126453399658204,"orthographic":true}